image,algorithm,n_runs,mean_fitness,best_fitness,worst_fitness,std_fitness,mean_runtime_sec,mean_iters_to_converge,function_evaluations
Tr-no_995,GA,10,2692.765,2692.765,2692.765,0.0,0.0931,1.1,3030
Tr-no_995,PSO,10,2692.765,2692.765,2692.765,0.0,0.0801,1.0,3030
Tr-no_995,DE,10,2692.765,2692.765,2692.765,0.0,0.097,1.0,3030
Tr-no_995,Hybrid PSO-GA,10,2692.765,2692.765,2692.765,0.0,0.0935,1.0,3030
Tr-no_996,GA,10,2279.254,2279.254,2279.254,0.0,0.091,2.0,3030
Tr-no_996,PSO,10,2279.254,2279.254,2279.254,0.0,0.0805,1.0,3030
Tr-no_996,DE,10,2279.254,2279.254,2279.254,0.0,0.0979,1.3,3030
Tr-no_996,Hybrid PSO-GA,10,2279.254,2279.254,2279.254,0.0,0.0925,1.1,3030
Tr-no_997,GA,10,2193.793,2193.798,2193.789,0.0044,0.0909,1.6,3030
Tr-no_997,PSO,10,2193.798,2193.798,2193.798,0.0,0.0803,1.0,3030
Tr-no_997,DE,10,2193.798,2193.798,2193.798,0.0,0.0973,1.1,3030
Tr-no_997,Hybrid PSO-GA,10,2193.798,2193.798,2193.798,0.0,0.0946,1.0,3030
Tr-no_998,GA,10,609.644,609.646,609.64,0.0025,0.091,1.8,3030
Tr-no_998,PSO,10,609.646,609.646,609.646,0.0,0.0804,1.2,3030
Tr-no_998,DE,10,609.646,609.646,609.646,0.0,0.0969,2.0,3030
Tr-no_998,Hybrid PSO-GA,10,609.646,609.646,609.646,0.0,0.0921,1.1,3030
Tr-no_999,GA,10,3174.297,3174.297,3174.297,0.0,0.0912,1.2,3030
Tr-no_999,PSO,10,3174.297,3174.297,3174.297,0.0,0.0804,1.0,3030
Tr-no_999,DE,10,3174.297,3174.297,3174.297,0.0,0.0978,1.2,3030
Tr-no_999,Hybrid PSO-GA,10,3174.297,3174.297,3174.297,0.0,0.0925,1.0,3030
