image,algorithm,final_fitness,thresholds,runtime_sec,iters_to_converge,run,mean_fitness,std_fitness,function_evaluations
Tr-no_995,GA,2692.765,"[60.8, 168.2]",0.0958,1,10,2692.765,0.0,2930
Tr-no_995,PSO,2692.765,"[61.4, 167.9]",0.0893,1,10,2692.765,0.0,3030
Tr-no_995,DE,2692.765,"[61.3, 167.6]",0.1068,1,10,2692.765,0.0,3030
Tr-no_995,Hybrid PSO-GA,2692.765,"[61.3, 168.4]",0.1179,1,10,2692.765,0.0,3730
Tr-no_996,GA,2279.254,"[81.8, 169.8]",0.1011,2,10,2279.254,0.0,2930
Tr-no_996,PSO,2279.254,"[81.5, 169.6]",0.0934,1,10,2279.254,0.0,3030
Tr-no_996,DE,2279.254,"[81.7, 169.6]",0.1138,1,10,2279.254,0.0,3030
Tr-no_996,Hybrid PSO-GA,2279.254,"[81.9, 170.3]",0.1247,1,10,2279.254,0.0,3730
Tr-no_997,GA,2193.798,"[91.4, 170.1]",0.1011,2,10,2193.793,0.004,2930
Tr-no_997,PSO,2193.798,"[91.3, 169.8]",0.0932,1,10,2193.798,0.0,3030
Tr-no_997,DE,2193.798,"[91.1, 169.7]",0.1134,1,10,2193.798,0.0,3030
Tr-no_997,Hybrid PSO-GA,2193.798,"[91.2, 170.2]",0.1242,1,10,2193.798,0.0,3730
Tr-no_998,GA,609.646,"[25.2, 86.7]",0.1008,2,10,609.644,0.002,2930
Tr-no_998,PSO,609.646,"[25.5, 86.9]",0.0928,1,10,609.646,0.0,3030
Tr-no_998,DE,609.646,"[24.8, 86.9]",0.1134,2,10,609.646,0.0,3030
Tr-no_998,Hybrid PSO-GA,609.646,"[24.8, 86.9]",0.1247,1,10,609.646,0.0,3730
Tr-no_999,GA,3174.297,"[61.0, 151.4]",0.1006,1,10,3174.297,0.0,2930
Tr-no_999,PSO,3174.297,"[61.0, 151.5]",0.0926,1,10,3174.297,0.0,3030
Tr-no_999,DE,3174.297,"[60.9, 150.6]",0.113,1,10,3174.297,0.0,3030
Tr-no_999,Hybrid PSO-GA,3174.297,"[60.8, 151.3]",0.124,1,10,3174.297,0.0,3730
